url,company_name,request_failed
mercy.net,Mercy,False
athleticstrengthtraining.com,WHYAthleticStrengthTraining,False
macromusic.com,Macromusic.com,False
thatsdandy.com,Welcome thatsdandy.com,False
carenow.com,CareNow Virtual Care,False
tid.org,TID Celebration of Water & Power,False
voiceacting.com,VoiceActing Academy,False
christianinstitute.com,christianinstitute,False
windywaypups.com,windywaypups.com —  Domain default page for,False
lidastronglcsw.com,lidastronglcsw.com,False
gilbertrespiratory.com,GilbertRespiratory AssociatesCenter for Respiratory and Sleep Disorder,False
ilsbeef.com,ILSBeef,False
footsurgeon.com,footsurgeon,False
scksec.com,SCKSEC,False
furtastik.com,Overwhelmed by Dog Care Duties? Find Relief at Furtastik!,False
sharyland.com,Sharyland Utilites,False
mlep.org,Learn more about and join or support MLEP,False
nekcavt.org,Call us at1-855-663-5224 |Monday through Friday8am-4pmoremail us atinfo@nekcavt.organytime,False
nyc.gov,More on NYC.gov,False
kaneffgolf.com,KaneffGolf,False
hartmansteel.com,HARTMANSteel,False
elcoma.com,"Elcoma Metal Fabricating & Sales, Inc.",False
randallfoods.com,RandallFoods,False
rcmutilities.com,rcmutilities,False
wcch.com,WCCH Features,False
sandplay.org,Sandplay News,False
socrra.org,SOCRRA’sRecyclingDrop-off Center is Open by Appointment Only.,False
okcdltraining.com,OKCDLTRAINING.COM,False
warrengymnastics.com,www.warrengymnasticscenter.com,False
danceworksunlimited.com,danceworksunlimited,False
peterrabbitfarms.com,peterrabbitfarms,False
dirtydogsolutions.com,mo@dirtydogsolutions.com,False
migcorporation.com,MIGCorporation,False
adadance.net,adadance,False
karabinfarms.com,KarabinFarms,False
visionapartments.com,The VISIONAPARTMENTS Standard,False
bywaterwoodworks.com,bywaterwoodworks,False
schoolcraft.org,Schoolcraft Learning Community,False
greenwavesolutions.com,GreenwaveSolutions,False
rtglighting.com,rtglighting,False
housejefedesigns.com,www.housejefedesigns.com512.766.8084,False
dramalearningcenter.com,DramaLearningCenter,False
smmpa.org,Who Is SMMPA?,False
sheetmetal.com,Sheet Metal I SheetMetal.com,False
racesaver.com,Jake Bubak is the 2024 IMCA RaceSaver Nationals Champion,False
helderledge.com,Helderledge Farm,False
revolutiongym.com,revolutiongym.com,False
ruschfarms.com,Welcome to RuschFarms.com,False
hmaac.org,HMAAC,False
phillipsseed.com,phillipsseed,False
warriortkdschool.com,warriortkdschool,False
ghbs.org,ghbs,False
bolima.com,BOLIMA,False
evergreen-farms.com,"EVERGREEN FARMS242 Monkey RoadElgin, Texas 78621512-281-4833evergreen@evergreen-farms.com",False
alter-reid.com,"Karen Alter-Reid, Ph.D.",False
mccontractors.us,☎ P.305.763.8166| F.305.531.4440✉info@mccontractors.us,False
ferding.com,The Ferding Electric Legacy,False
simonforensic.com,SimonForensic.com,False
psm.com,PSM global footprint,False
wmcdl.com,WMCDL,False
applecrestorchards.com,Applecrestorchards,False
rosati-kain.org,Rosati-Kain,False
ocs.org,OCS @ a Glance,False
wtstc.org,WTSTC | West Texas Safety Training Center,False
psvoa.com,PSVOA,False
benpalmermusic.com,BENPALMERMUSIC,False
hiform.com,Welcome to Hiform,False
causwells.com,Causwells,False
moeller.org,Archbishop Moeller High School,False
rbconstruction.net,rbconstruction,False
kraussderm.com,"KraussDermatologyServing Wellesley, MA& the Surrounding Areas",False
utewater.org,utewater,False
youthhope.org,YouthHope Foundation,False
concretesolutionsusa.com,ConcreteSolutionsUSA,False
siebold.com,Siebold,False
icm.com,ICM MASTERCARD,False
orchardaba.com,Serving North FloridaPhone: 850-815-8800Fax: 850-344-9900office@orchardaba.com,False
nurserytrees.com,NurseryTrees.com Home Page,False
nyrhythm.biz,nyrhythm.biz,False
hsco.org,HSCO » Doin' Good In Dogtown,False
applehillfarm.com,applehillfarm.com,False
spwg.com,SPWG,False
firststagemontessori.com,firststagemontessori.com,False
londonhydro.com,MyLondonHydro Account Login/Register,False
elearninglair.com,"eLearningLair – eLearningLair.com: Empower Your Future, Master Your Skills",False
greerselectric.com,greerselectric.com,False
fruitdale.net,Welcome to Fruitdale Sanitation District,False
cabazonwater.org,Cabazonwater,False
westseattlebowl.com,Get Social With Us@WestSeattleBowl,False
hmsa.com,HMSA Neighborhood Centers,False
imperialdancestudio.com,@IMPERIALDANCESTUDIO,False
bourbonvet.com,bourbonvet,False
whirlingneedle.com,WhirlingNeedle Acupuncture,False
townlively.com,Townlively,False
pcrestcc.com,pcrestcc.com,False
frontenergy.com,FrontEnergy,False
carolinaconnect.com,CarolinaConnect,False
ltrid.org,Lower Tule River Irrigation District – LTRID,False
luxuryonlovers.com,"luxuryonlovers – Med Spa in Dallas, TX",False
maeystown.com,Maeystown Illinois,False
ccwa.com,CCWA files legal action against Santa Barbara County regarding management of the State Water Project,False
grinsulation.com,grinsulation,False
pearsonite.com,PearsonITE,False
karenmaroda.com,karenmaroda.com,False
vibrantsolutionstherapy.com,WARNING!vibrantsolutionstherapy.com has expired.,False
gunner.com,ENGRAVE YOUR GUNNER,False
sorges.com,Sorges.com,False
giammalva.com,WELCOME TO GIAMMALVA…,False
bacall.com,Robert Bacall Representatives  ~  RBR,True
desiderioltd.com,desiderioltd,False
crosswind.com,CrossWind,False
furrylicious.com,About FurryliciousYour Pets Are Our Passion,False
fennville.org,Fennville Public Schools,False
fiorentini.com,Pietro Fiorentini,False
instacoat.com,The Instacoat Advantage,False
erpud.com,ERPUD,False
beds-n-bones.com,Due to an unforeseen medical circumstance BEDS-N-BONES PET LODGE will be closed until further notice.  Thank you for your business over the years and we appreciate your understanding.,False
raprd.org,RAPRD,False
culliganofnh.com,"Copyright © 2024 Optimized-Marketing.com, LLC
 culliganofnh.com | All rights reserved",False
pontotoccc.com,pontotoccc,False
ameren.com,Ameren Official Website,False
wcmes.com,WCMES NEWS,False
lovelace.com,About Lovelace Health System,False
kellersoccer.org,kellersoccer,False
bidness.com,The Bidness Center for online business and ecommerce entrepreneurs,False
feedlogic.com,FeedLogic – Intelligent feeding and farm monitoring,False
haussmodern.com,HAUSSMODERN.COM is in the Parking Zone,False
ncrwa.org,"Join us for an extraordinary milestone as theNCRWA Registered Apprenticeship Programproudly hosts theInaugural National Apprenticeship Week Kick-Off CelebrationonNovember 18, 2024 at Finch Park in Lexington, NC.",False
straighterline.com,Save Thousands on Tuitionwith StraighterLine.,False
aplu.org,Strength of APLU,False
goodland.org,GOODLAND ACADEMY,False
taunix.com,About Taunix,False
cwscs.org,Interested in joining the CWSCS family?Explore our 24 - 25JOB OPENINGS!,True
aep.com,AEP Energy,False
agwsr.org,AGWSR,False
cpwsd1.com,CPWSD1,False
curlycrownconnection.com,CurlyCrownConnection,True
cactx.org,CACTX Insights,False
pinecobble.org,pinecobble.org – A good beginning never ends.,False
stmarystayton.org,stmarystayton.org,False
allenandrewsroofing.com,allenandrewsroofing,False
aquafauna.com,"Aquafauna Bio-Marine, Inc. | Aquaculture Feed & Equipment Supplier",False
bonipak.com,Bonipak Produce Inc – Planting for the future,False
asterdrywall.com,asterdrywall llc,False
thempgcc.com,chloe@thempgcc.com,False
nicevillechamber.com,www.nicevillechamber.com,False
thinkforfun.com,ThinkForFun comes to Carolinas with Online classes,False
valleygymnastics.com,ValleyGymnastics,False
macease.com,MacEase,False
jskhomerepair.com,Jskhomerepair,False
wincan.com,WinCan,False
